UniProt_ID,Proteinnames,Organism,geneID,DoS,Coordinates
V8P447,Oncostatin-M-specific receptor subunit beta,Ophiophagus hannah (King cobra) (Naja hannah),Scate00266,-0.514285714,Scate-ma1:20748769-20782410
H9GUT9,Tissue factor pathway inhibitor,Anolis carolinensis (Green anole) (American chameleon),Scate00413,-0.571428571,Scate-ma1:37372696-37395009
V8NUY5,CUB and sushi domain-containing protein 3,Ophiophagus hannah (King cobra) (Naja hannah),Scate00608,-0.666666667,Scate-ma1:59858286-59879352
G1KCJ2,CUB and Sushi multiple domains 3,Anolis carolinensis (Green anole) (American chameleon),Scate00605,-0.8,Scate-ma1:59812196-59819411
H9GEC8,MFS domain-containing protein,Anolis carolinensis (Green anole) (American chameleon),Scate00643,-0.8,Scate-ma1:63138295-63159435
V8P3C5,Kinesin-like protein KIF20B,Ophiophagus hannah (King cobra) (Naja hannah),Scate00646,-0.736842105,Scate-ma1:63340306-63368544
V8NUW3,Ribulose-phosphate 3-epimerase (EC 5.1.3.1),Ophiophagus hannah (King cobra) (Naja hannah),Scate00685,-0.666666667,Scate-ma1:67920238-67952138
J3S5E2,Tyrosine-protein kinase (EC 2.7.10.2),Crotalus adamanteus (Eastern diamondback rattlesnake),Scate00802,-0.7,Scate-ma1:78777722-78806412
V8N7C1,Voltage-dependent P/Q-type calcium channel subunit alpha-1A,Ophiophagus hannah (King cobra) (Naja hannah),Scate00885,-0.571428571,Scate-ma1:87613012-87614034
V8P193,HECT-type E3 ubiquitin transferase (EC 2.3.2.26),Ophiophagus hannah (King cobra) (Naja hannah),Scate00992,-0.666666667,Scate-ma1:99675466-99692600
V8N8M8,Ribonuclease P protein subunit p29,Ophiophagus hannah (King cobra) (Naja hannah),Scate01106,-0.666666667,Scate-ma1:118992228-119002608
A0A0K8RVP3,Early endosome antigen 1,Crotalus horridus (Timber rattlesnake),Scate01171,-0.666666667,Scate-ma1:130962042-130970748
V8NL97,UHRF1-binding protein 1,Ophiophagus hannah (King cobra) (Naja hannah),Scate01398,-0.538461538,Scate-ma1:158052805-158067586
V8P824,S-phase kinase-associated protein 1 (Cyclin-A/CDK2-associated protein p19) (p19skp1),Ophiophagus hannah (King cobra) (Naja hannah),Scate01449,-0.666666667,Scate-ma1:167329878-167369716
T1DKP7,Protein kish,Crotalus horridus (Timber rattlesnake),Scate01495,-0.7,Scate-ma1:171868870-171898778
A0A0F7Z820,Peptidyl-prolyl cis-trans isomerase (PPIase) (EC 5.2.1.8),Crotalus adamanteus (Eastern diamondback rattlesnake),Scate01501,-0.666666667,Scate-ma1:172080096-172087957
V8P261,Copper transport protein ATOX1,Ophiophagus hannah (King cobra) (Naja hannah),Scate01644,-0.666666667,Scate-ma1:188687296-188694769
V8PHG0,Alpha-L-iduronidase,Ophiophagus hannah (King cobra) (Naja hannah),Scate01655,-0.818181818,Scate-ma1:189890351-189896305
V8P1I4,Proteasome subunit alpha type-1,Ophiophagus hannah (King cobra) (Naja hannah),Scate01674,-0.555555556,Scate-ma1:192744997-192781949
G1K8K6,THUMP domain containing 2,Anolis carolinensis (Green anole) (American chameleon),Scate01755,-0.625,Scate-ma1:211193325-211211628
J3SBX0,Calpastatin (Calpain inhibitor),Crotalus adamanteus (Eastern diamondback rattlesnake),Scate01863,-0.571428571,Scate-ma1:221908507-221927167
J3S8W1,RAB GTPase activating protein 1-like,Crotalus adamanteus (Eastern diamondback rattlesnake),Scate01882,-0.642857143,Scate-ma1:222311588-222338600
V8NBC9,DNA repair protein complementing XP-A cells-like protein,Ophiophagus hannah (King cobra) (Naja hannah),Scate01839,-0.571428571,Scate-ma1:220813112-220840441
J3S0K7,Inosine triphosphate pyrophosphatase (ITPase) (Inosine triphosphatase) (EC 3.6.1.9) (Non-canonical purine NTP pyrophosphatase) (Non-standard purine NTP pyrophosphatase) (Nucleoside-triphosphate diphosphatase) (Nucleoside-triphosphate pyrophosphatase) (NTPase),Crotalus adamanteus (Eastern diamondback rattlesnake),Scate01900,-0.75,Scate-ma1:223149282-223150523
V8P8K0,Aminomethyltransferase (EC 2.1.2.10) (Glycine cleavage system T protein),Ophiophagus hannah (King cobra) (Naja hannah),Scate01984,-0.8,Scate-ma1:226982824-226984452
V8P2P3,PR domain zinc finger protein 1,Ophiophagus hannah (King cobra) (Naja hannah),Scate02121,-0.666666667,Scate-ma1:236779564-236810353
V8NN14,Threonine aspartase 1,Ophiophagus hannah (King cobra) (Naja hannah),Scate02149,-0.642857143,Scate-ma1:239010559-239037914
V8N8B1,Forkhead box protein K1,Ophiophagus hannah (King cobra) (Naja hannah),Scate02212,-0.833333333,Scate-ma1:246834834-246859821
H9GAG9,ABC-type glutathione-S-conjugate transporter (EC 7.6.2.3),Anolis carolinensis (Green anole) (American chameleon),Scate02288,-0.571428571,Scate-ma1:256419838-256461135
A0A0K8RU78,Inactive rhomboid protein 1,Crotalus horridus (Timber rattlesnake),Scate02255,-0.514285714,Scate-ma1:253851956-253875197
J3S119,Dihydrolipoyllysine-residue succinyltransferase component of 2-oxoglutarate dehydrogenase complex,,Scate02662,-0.666666667,Scate-ma1:300529152-300544515
V8PBN4,FERM domain-containing protein 7,Ophiophagus hannah (King cobra) (Naja hannah),Scate02797,-0.583333333,Scate-ma1:314084561-314118981
V8N5W7,Complement factor H,Ophiophagus hannah (King cobra) (Naja hannah),Scate02931,-0.666666667,Scate-ma1:324270398-324274393
V8PA33,Trafficking protein particle complex subunit 11,Ophiophagus hannah (King cobra) (Naja hannah),Scate02986,-0.714285714,Scate-ma1:327723856-327750780
G1KPP0,[Histone H3]-trimethyl-L-lysine(9) demethylase (EC 1.14.11.66),Anolis carolinensis (Green anole) (American chameleon),Scate03052,-0.56,Scate-ma1:332455693-332478968
V8P1T9,Calglandulin,Ophiophagus hannah (King cobra) (Naja hannah),Scate03107,-0.625,Scate-ma1:335226258-335231042
V8P4U0,1-phosphatidylinositol-4,PLCB1 L345_04829,Scate03146,-1,Scate-ma1:336240822-336250669
V8NLW6,Glutamate receptor,Ophiophagus hannah (King cobra) (Naja hannah),Scate03151,-0.571428571,Scate-ma1:336353049-336370891
V8P809,Cadherin-18,Ophiophagus hannah (King cobra) (Naja hannah),Scate03144,-0.857142857,Scate-ma1:336179231-336202457
G1KYY7,Family with sequence similarity 217 member B,Anolis carolinensis (Green anole) (American chameleon),Scate03207,-0.833333333,Scate-ma2:2856438-2860059
V8N7Y8,BCLAF1 and THRAP3 family member 3,Ophiophagus hannah (King cobra) (Naja hannah),Scate03237,-0.8,Scate-ma2:4568721-4579191
T1DAX9,CCHC-type domain-containing protein,Crotalus horridus (Timber rattlesnake),Scate03262,-0.9,Scate-ma2:6218067-6218650
L7N021,Histone H2A,Anolis carolinensis (Green anole) (American chameleon),Scate03362,-0.583333333,Scate-ma2:17942367-17965581
H9GHQ9,Leucine rich repeat containing 58,Anolis carolinensis (Green anole) (American chameleon),Scate03475,-0.571428571,Scate-ma2:28932980-28956657
H9GNZ5,Bardet-Biedl syndrome 5 protein homolog,Anolis carolinensis (Green anole) (American chameleon),Scate03506,-0.709090909,Scate-ma2:30599121-30648325
J3S4G1,Grainyhead-like protein 3 (Grainyhead-like protein 3-like protein),Crotalus adamanteus (Eastern diamondback rattlesnake),Scate03559,-0.625,Scate-ma2:40036545-40075434
G1KQB9,Sperm acrosome associated 1,Anolis carolinensis (Green anole) (American chameleon),Scate03747,-0.55,Scate-ma2:64883906-64918907
T1E491,Ubiquitin-conjugating enzyme E2 J1-like protein,Crotalus horridus (Timber rattlesnake),Scate03755,-0.583333333,Scate-ma2:68240841-68323807
V8P8C3,CASP8-associated protein 2,Ophiophagus hannah (King cobra) (Naja hannah),Scate03759,-0.571428571,Scate-ma2:69214472-69243806
A0A0F7ZCN0,Sorting nexin-4,Crotalus adamanteus (Eastern diamondback rattlesnake),Scate03785,-0.571428571,Scate-ma2:74620116-74627347
V8PAP4,Protein HEG-like 1,Ophiophagus hannah (King cobra) (Naja hannah),Scate03790,-0.571428571,Scate-ma2:77537273-77539741
J3SDB3,Solute carrier family 12 (Potassium/chloride transporters),,Scate03789,-0.555555556,Scate-ma2:77499047-77525557
V8P9V8,Plexin-D1,Ophiophagus hannah (King cobra) (Naja hannah),Scate03820,-1,Scate-ma2:80069997-80073251
T1DLK5,Rabenosyn-5-like protein,Crotalus horridus (Timber rattlesnake),Scate03824,-0.833333333,Scate-ma2:80988884-80990674
T1DMF1,5'-AMP-activated protein kinase subunit gamma-1,Crotalus horridus (Timber rattlesnake),Scate03863,-0.666666667,Scate-ma2:85931226-85946728
H9G6M4,Tectorin alpha,Anolis carolinensis (Green anole) (American chameleon),Scate03932,-0.6,Scate-ma2:91159213-91163195
V8NUH5,RNA-binding protein MEX3B,Ophiophagus hannah (King cobra) (Naja hannah),Scate04168,-0.625,Scate-ma2:108000123-108022322
H9G7V0,Spectrin beta,SPTBN4,Scate04307,-0.75,Scate-ma2:113138543-113141579
G1KQC8,Dynein assembly factor with WD repeats 1,Anolis carolinensis (Green anole) (American chameleon),Scate04447,-0.666666667,Scate-ma2:123664811-123674173
G1K8S1,ASD2 domain-containing protein,Anolis carolinensis (Green anole) (American chameleon),Scate04626,-0.625,Scate-ma2:135607104-135615378
J3S0S8,40S ribosomal protein S7,Crotalus adamanteus (Eastern diamondback rattlesnake),Scate04635,-0.55,Scate-ma2:136080903-136104242
H9GIP1,RRM domain-containing protein,Anolis carolinensis (Green anole) (American chameleon),Scate04651,-0.555555556,Scate-ma2:136797134-136810353
H9GCH8,Phosphodiesterase (EC 3.1.4.-),Anolis carolinensis (Green anole) (American chameleon),Scate04712,-0.714285714,Scate-ma2:145005946-145025851
V8NY37,Leucine-rich glioma-inactivated protein 1,Ophiophagus hannah (King cobra) (Naja hannah),Scate04714,-0.684210526,Scate-ma2:145069456-145072957
V8NSU1,D(1C) dopamine receptor,Ophiophagus hannah (King cobra) (Naja hannah),Scate04719,-0.522727273,Scate-ma2:145229609-145241266
J3S4Z6,Rho GTPase-activating protein 1-like (Rho GTPase-activating protein 1-like protein),Crotalus adamanteus (Eastern diamondback rattlesnake),Scate04873,-0.666666667,Scate-ma2:155383473-155397064
V8P1C1,Cytoskeleton-associated protein 5,Ophiophagus hannah (King cobra) (Naja hannah),Scate04876,-0.666666667,Scate-ma2:155446187-155460966
V8P8Q7,Ras-related protein R-Ras2,Ophiophagus hannah (King cobra) (Naja hannah),Scate04891,-0.625,Scate-ma2:156408145-156412200
V8NA09,Protein kinase domain-containing protein,Ophiophagus hannah (King cobra) (Naja hannah),Scate05065,-0.857142857,Scate-ma2:176137385-176163890
G1KBP3,Tripeptidyl-peptidase 2 (EC 3.4.14.10),Anolis carolinensis (Green anole) (American chameleon),Scate05293,-0.782608696,Scate-ma2:197716810-197722969
G1KMJ3,ZnMc domain-containing protein,Anolis carolinensis (Green anole) (American chameleon),Scate05335,-0.666666667,Scate-ma2:200875023-200921725
J3S073,39S ribosomal protein L16,,Scate05392,-0.571428571,Scate-ma2:205753719-205766319
V8PDX6,Myoglobin,Ophiophagus hannah (King cobra) (Naja hannah),Scate05442,-0.555555556,Scate-ma2:211282574-211308697
V8P9D1,Netrin-G1,Ophiophagus hannah (King cobra) (Naja hannah),Scate05496,-0.8,Scate-ma2:217887234-217901991
T1DKJ5,Lysophospholipid acyltransferase 1-like protein,Crotalus horridus (Timber rattlesnake),Scate05514,-1,Scate-ma2:219559427-219575906
V8P404,Chromatin-remodeling ATPase INO80 (EC 3.6.4.-),Ophiophagus hannah (King cobra) (Naja hannah),Scate05602,-0.555555556,Scate-ma2:238307560-238316014
T1DLI9,Regulator of microtubule dynamics protein 3-like protein,Crotalus horridus (Timber rattlesnake),Scate05612,-0.666666667,Scate-ma2:238737054-238748575
A0A0F7ZBJ2,DnaJ homolog subfamily C member 17,Crotalus adamanteus (Eastern diamondback rattlesnake),Scate05610,-0.571428571,Scate-ma2:238666619-238706038
G1KDV4,Plexin A3,Anolis carolinensis (Green anole) (American chameleon),Scate05638,-0.545454545,Scate-ma2:240349153-240363954
G1KHW4,Plexin B3,Anolis carolinensis (Green anole) (American chameleon),Scate05647,-0.6,Scate-ma2:240806586-240816071
T1E793,Aquaporin-5,Crotalus horridus (Timber rattlesnake),Scate05721,-0.814814815,Scate-ma2:244138961-244144890
H9GUF9,Disintegrin and metalloproteinase domain-containing protein 20-like,Anolis carolinensis (Green anole) (American chameleon),Scate05781,-0.647058824,Scate-ma2:246196352-246210511
V8NJG7,AWS domain-containing protein,Ophiophagus hannah (King cobra) (Naja hannah),Scate05816,-0.647058824,Scate-ma2:251755164-251759580
A0A0K8RTS2,DBIRD complex subunit KIAA1967-like,Crotalus horridus (Timber rattlesnake),Scate05825,-0.6875,Scate-ma2:252883801-252891210
V8NR22,Inactive dual specificity phosphatase 27,Ophiophagus hannah (King cobra) (Naja hannah),Scate05865,-0.62,Scate-ma2:257058666-257065086
H9GES0,DH domain-containing protein,Anolis carolinensis (Green anole) (American chameleon),Scate05854,-0.774193548,Scate-ma2:256790319-256806796
T1E758,Mitochondrial pyruvate carrier,Crotalus horridus (Timber rattlesnake),Scate05860,-0.571428571,Scate-ma2:256976204-256983283
A0A0F7ZAP8,Ubiquitin-like modifier-activating enzyme ATG7 (Autophagy-related protein 7),Crotalus adamanteus (Eastern diamondback rattlesnake),Scate05872,-0.583333333,Scate-ma2:257194267-257197202
G1KJ80,Immunoglobulin like domain containing receptor 2,Anolis carolinensis (Green anole) (American chameleon),Scate05868,-0.642857143,Scate-ma2:257116243-257128761
V8NDV2,Short transient receptor potential channel 4,Ophiophagus hannah (King cobra) (Naja hannah),Scate05912,-0.833333333,Scate-ma3:860690-891191
V8NCT2,Microtubule-associated protein 1A,Ophiophagus hannah (King cobra) (Naja hannah),Scate05954,-0.657142857,Scate-ma3:3942371-3946465
V8NHC6,Putative gonadotropin-releasing hormone II receptor,Ophiophagus hannah (King cobra) (Naja hannah),Scate05969,-0.666666667,Scate-ma3:6736408-6747080
H9GEE3,Histone acetyltransferase (EC 2.3.1.48),Anolis carolinensis (Green anole) (American chameleon),Scate06094,-0.577777778,Scate-ma3:21446130-21476665
V8PH24,Uncharacterized protein,Ophiophagus hannah (King cobra) (Naja hannah),Scate06116,-0.666666667,Scate-ma3:23972420-23985535
T1DNE7,COP9 signalosome complex subunit 4,Crotalus horridus (Timber rattlesnake),Scate06174,-0.75,Scate-ma3:30133358-30157217
G1KL18,Gamma-aminobutyric acid type A receptor subunit gamma3,Anolis carolinensis (Green anole) (American chameleon),Scate06312,-0.625,Scate-ma3:44858288-44886582
H9GB29,DUF3699 domain-containing protein,Anolis carolinensis (Green anole) (American chameleon),Scate06337,-0.625,Scate-ma3:46383013-46407549
V8PF56,Krueppel-like factor 2,Ophiophagus hannah (King cobra) (Naja hannah),Scate06596,-0.538461538,Scate-ma3:84381332-84383984
V8N8X4,G-protein coupled receptor 56,Ophiophagus hannah (King cobra) (Naja hannah),Scate06620,-0.611111111,Scate-ma3:84830168-84854299
V8NWM3,Putative G-protein coupled receptor,Ophiophagus hannah (King cobra) (Naja hannah),Scate06667,-0.777777778,Scate-ma3:92681308-92701985
V8P3N2,Peroxin-1,Ophiophagus hannah (King cobra) (Naja hannah),Scate06674,-0.625,Scate-ma3:93191990-93201700
G1KR06,EF-hand calcium-binding domain-containing protein 1,Anolis carolinensis (Green anole) (American chameleon),Scate06672,-0.666666667,Scate-ma3:93024643-93074894
T1DLN1,Cytochrome P450 2J2-like protein,Crotalus horridus (Timber rattlesnake),Scate06797,-0.555555556,Scate-ma3:109219292-109232689
V8NTA6,Inactive serine protease 54,Ophiophagus hannah (King cobra) (Naja hannah),Scate06859,-0.555555556,Scate-ma3:117492347-117505779
T1DM12,Casein kinase II subunit alpha'-like protein,Crotalus horridus (Timber rattlesnake),Scate06861,-0.666666667,Scate-ma3:117597527-117609988
J3S4V1,Glucose-6-phosphate isomerase (EC 5.3.1.9),Crotalus adamanteus (Eastern diamondback rattlesnake),Scate06871,-0.571428571,Scate-ma3:118257685-118261481
V8P7W8,Guanine nucleotide-binding protein G(Z) subunit alpha,Ophiophagus hannah (King cobra) (Naja hannah),Scate06920,-1,Scate-ma3:125299853-125322361
H9GBJ5,Hepatocyte nuclear factor 1-beta,Anolis carolinensis (Green anole) (American chameleon),Scate06937,-0.6,Scate-ma3:128385838-128402452
V8P458,HAUS augmin-like complex subunit 6,Ophiophagus hannah (King cobra) (Naja hannah),Scate07059,-0.714285714,Scate-ma3:139716722-139741687
T1E527,28S ribosomal protein S17,,Scate07098,-0.6,Scate-ma3:141468789-141499655
A0A0F7ZB79,Ankyrin repeat and SOCS box protein 6-like protein,Crotalus adamanteus (Eastern diamondback rattlesnake),Scate07273,-1,Scate-ma3:153113146-153126892
G1KFK0,BAG cochaperone 2,Anolis carolinensis (Green anole) (American chameleon),Scate07354,-0.833333333,Scate-ma3:160259899-160268880
V8NLY4,Folliculin,Ophiophagus hannah (King cobra) (Naja hannah),Scate07368,-0.714285714,Scate-ma3:161232415-161234768
V8NGL1,Nesprin-2,Ophiophagus hannah (King cobra) (Naja hannah),Scate07505,-0.642857143,Scate-ma3:172622465-172629814
H9GF32,PRCC protein,Anolis carolinensis (Green anole) (American chameleon),Scate07567,-0.714285714,Scate-ma3:181189369-181217325
J3S0H3,Peroxisomal membrane protein 4,Crotalus adamanteus (Eastern diamondback rattlesnake),Scate07616,-0.75,Scate-ma3:187585894-187606179
T1E606,Calcium/calmodulin-dependent serine protein kinase (MAGUK family),Crotalus horridus (Timber rattlesnake),Scate07699,-0.727272727,Scate-ma3:192325844-192344636
J3RYL5,Calcyphosine-like (Calcyphosine-like protein),Crotalus adamanteus (Eastern diamondback rattlesnake),Scate07783,-0.8,Scate-ma3:194336428-194359698
A0A194ARS4,Cysteine-rich secretory protein 1b,Sistrurus tergeminus (Western massasauga) (Sistrurus catenatus tergeminus),Scate09501,-0.538461538,Scate-ma4:1697907-1711574
G1KDY1,Transcription factor AP-2 delta,Anolis carolinensis (Green anole) (American chameleon),Scate09505,-0.571428571,Scate-ma4:1842583-1854148
G1KD96,FRY microtubule binding protein,Anolis carolinensis (Green anole) (American chameleon),Scate09801,-0.6875,Scate-ma4:61302177-61335294
B0VXW2,Protein BTG1 (B-cell translocation gene 1 protein),Sistrurus catenatus edwardsii (Desert massasauga) (Crotalophorus edwardsii),Scate09820,-0.571428571,Scate-ma4:63231395-63244575
V8NT44,Myosin-6,Ophiophagus hannah (King cobra) (Naja hannah),Scate09843,-0.714285714,Scate-ma4:64332346-64341517
V8NFA3,Apical endosomal glycoprotein,Ophiophagus hannah (King cobra) (Naja hannah),Scate09935,-0.75,Scate-ma4:73437949-73478618
V8NI72,Ankyrin repeat and SAM domain-containing protein 3,Ophiophagus hannah (King cobra) (Naja hannah),Scate10115,-0.714285714,Scate-ma4:97233406-97239338
A0A0F7ZDG8,Kinase D-interacting substrate of 220 kDa isoform X1,Crotalus adamanteus (Eastern diamondback rattlesnake),Scate10260,-0.625,Scate-ma4:111891891-111895422
A0A0F7Z4J6,Tropomyosin alpha-4 chain-like protein,Crotalus adamanteus (Eastern diamondback rattlesnake),Scate10309,-0.555555556,Scate-ma5:210537-228552
A0A0K8RY15,Cingulin-like protein 1-like,Crotalus horridus (Timber rattlesnake),Scate10329,-0.529411765,Scate-ma5:948873-964359
V8NT31,Tandem C2 domains nuclear protein,Ophiophagus hannah (King cobra) (Naja hannah),Scate10354,-0.6,Scate-ma5:2366755-2378130
V8NW53,Estradiol 17-beta-dehydrogenase 2,Ophiophagus hannah (King cobra) (Naja hannah),Scate10378,-0.857142857,Scate-ma5:3963569-3986517
J3RYP4,Carboxypeptidase E (EC 3.4.17.10) (Carboxypeptidase H) (Enkephalin convertase) (Prohormone-processing carboxypeptidase),Crotalus adamanteus (Eastern diamondback rattlesnake),Scate10425,-0.523809524,Scate-ma5:7726719-7742024
V8PFC3,Isopentenyl phosphate kinase (EC 2.7.4.26),Ophiophagus hannah (King cobra) (Naja hannah),Scate10543,-0.555555556,Scate-ma5:24038765-24041303
V8N9A4,Acetolactate synthase-like protein,Ophiophagus hannah (King cobra) (Naja hannah),Scate10737,-0.571428571,Scate-ma5:41235968-41238889
A0A0F7Z9N6,Syntaxin-4-like,Crotalus adamanteus (Eastern diamondback rattlesnake),Scate10760,-1,Scate-ma5:41761602-41780189
A0A0F7Z7S5,Nuclear ubiquitous casein and cyclin-dependent kinases substrate,Crotalus adamanteus (Eastern diamondback rattlesnake),Scate10804,-0.571428571,Scate-ma5:44219085-44228936
V8P978,Activating signal cointegrator 1 complex subunit 3 (EC 3.6.4.13),Ophiophagus hannah (King cobra) (Naja hannah),Scate10855,-0.615384615,Scate-ma5:49819132-49858325
H9GCB3,Chloride voltage-gated channel 1,Anolis carolinensis (Green anole) (American chameleon),Scate10870,-0.538461538,Scate-ma5:51244018-51274987
G1KUP6,Olfactory receptor,Anolis carolinensis (Green anole) (American chameleon),Scate10887,-0.8,Scate-ma5:53199408-53203363
A0A0K8RYU1,BTB/POZ domain-containing protein KCTD9,Crotalus horridus (Timber rattlesnake),Scate11082,-1,Scate-ma5:81357917-81387836
V8PDK7,Striated muscle-specific serine/threonine-protein kinase,Ophiophagus hannah (King cobra) (Naja hannah),Scate11107,-0.866666667,Scate-ma5:84374008-84418440
V8NVF1,Mesoderm induction early response protein 2,Ophiophagus hannah (King cobra) (Naja hannah),Scate11230,-0.6,Scate-ma6:158641-188838
V8PA02,Lipoma HMGIC fusion partner-like protein,Ophiophagus hannah (King cobra) (Naja hannah),Scate11255,-0.619047619,Scate-ma6:1527318-1528897
V8PD45,Cell division cycle-associated protein 4,Ophiophagus hannah (King cobra) (Naja hannah),Scate11281,-0.688888889,Scate-ma6:2404014-2414379
H9G827,B9 domain containing 2,Anolis carolinensis (Green anole) (American chameleon),Scate11342,-0.583333333,Scate-ma6:6707041-6724030
T1E726,Ragulator complex protein LAMTOR4 (Late endosomal/lysosomal adaptor and MAPK and MTOR activator 4),Crotalus horridus (Timber rattlesnake),Scate11495,-0.571428571,Scate-ma6:33773360-33804943
V8P5P1,Growth factor receptor-bound protein 14,Ophiophagus hannah (King cobra) (Naja hannah),Scate11708,-0.666666667,Scate-ma6:62466948-62529732
H9G640,DNA-directed RNA polymerase subunit beta (EC 2.7.7.6),Anolis carolinensis (Green anole) (American chameleon),Scate11772,-0.633333333,Scate-ma6:65832108-65846701
V8NWH9,Serum response factor,Ophiophagus hannah (King cobra) (Naja hannah),Scate11890,-0.583333333,Scate-ma6:76043425-76071117
A0A0F7Z7C6,Hydroxyacylglutathione hydrolase,,Scate11990,-0.666666667,Scate-ma6:87300480-87305257
J3S4Y1,Ras-related protein Rab-18-like (Ras-related protein Rab-18-like protein),Crotalus adamanteus (Eastern diamondback rattlesnake),Scate12083,-0.666666667,Scate-ma7:345751-352017
G1KH43,SSD domain-containing protein,Anolis carolinensis (Green anole) (American chameleon),Scate12082,-0.571428571,Scate-ma7:336349-338083
G1KHF7,Decaprenyl diphosphate synthase subunit 1,Anolis carolinensis (Green anole) (American chameleon),Scate12077,-0.571428571,Scate-ma7:279555-282197
V8PG16,FERM domain-containing protein 6,Ophiophagus hannah (King cobra) (Naja hannah),Scate12170,-0.75,Scate-ma7:7050054-7099168
R4GBR5,Zinc finger protein OZF-like,Anolis carolinensis (Green anole) (American chameleon),Scate12175,-0.833333333,Scate-ma7:7778574-7785929
G1KWH5,Protein tyrosine phosphatase receptor type E,Anolis carolinensis (Green anole) (American chameleon),Scate12260,-0.571428571,Scate-ma7:18281132-18297686
G1KPZ3,ZP domain-containing protein,Anolis carolinensis (Green anole) (American chameleon),Scate12265,-0.571428571,Scate-ma7:19248879-19265720
A0A0F7Z7L7,39S ribosomal protein L32,,Scate12520,-0.571428571,Scate-ma7:64376395-64382454
V8NBJ4,BTB/POZ domain-containing protein 19,Ophiophagus hannah (King cobra) (Naja hannah),Scate12550,-0.714285714,Scate-ma7:68628772-68659206
V8NJ61,CLIP-associating protein 1,Ophiophagus hannah (King cobra) (Naja hannah),Scate16426,-0.523076923,Scate-mi10:997620-1017374
H9GBE7,RAB6A protein,Anolis carolinensis (Green anole) (American chameleon),Scate16517,-0.666666667,Scate-mi10:3146082-3154046
V8P3V8,Potassium voltage-gated channel subfamily C member 4,Ophiophagus hannah (King cobra) (Naja hannah),Scate16568,-0.555555556,Scate-mi10:5062125-5069520
V8PH17,Calglandulin,Ophiophagus hannah (King cobra) (Naja hannah),Scate16623,-0.705882353,Scate-mi10:6348807-6351368
T1DK81,39S ribosomal protein L17,,Scate12662,-0.526315789,Scate-mi1:1134761-1143243
V8PJJ8,Oxidoreductase-like domain-containing protein,Ophiophagus hannah (King cobra) (Naja hannah),Scate12673,-0.666666667,Scate-mi1:2579605-2594484
H9GQQ9,Coiled-coil domain-containing protein 142,Anolis carolinensis (Green anole) (American chameleon),Scate12732,-0.8,Scate-mi1:4537393-4550401
V8PF52,Transcription factor LBX1,Ophiophagus hannah (King cobra) (Naja hannah),Scate12734,-0.722222222,Scate-mi1:4627856-4639182
A0A0F7ZCJ0,Cysteine desulfurase,,Scate12758,-0.55,Scate-mi1:5209745-5215172
V8NYH1,rRNA adenine N(6)-methyltransferase (EC 2.1.1.-),Ophiophagus hannah (King cobra) (Naja hannah),Scate12860,-0.6,Scate-mi1:9285698-9292691
V8NM07,Complement C1q tumor necrosis factor-related protein 5,Ophiophagus hannah (King cobra) (Naja hannah),Scate12872,-0.583333333,Scate-mi1:10004146-10009962
V8NVZ1,Amine oxidase (EC 1.4.3.-),Ophiophagus hannah (King cobra) (Naja hannah),Scate12936,-0.666666667,Scate-mi1:11504746-11510412
V8NS63,Long-chain-fatty-acid--CoA ligase 4,Ophiophagus hannah (King cobra) (Naja hannah),Scate12956,-0.666666667,Scate-mi1:11874301-11891718
V8NKP3,Aryl-hydrocarbon-interacting protein-like 1,Ophiophagus hannah (King cobra) (Naja hannah),Scate13074,-0.625,Scate-mi1:14044715-14052949
H9GJP4,MAP7 domain-containing protein 1,Anolis carolinensis (Green anole) (American chameleon),Scate13102,-0.583333333,Scate-mi1:14932686-14934353
V8NQH2,Transforming acidic coiled-coil-containing protein 3,Ophiophagus hannah (King cobra) (Naja hannah),Scate13116,-0.777777778,Scate-mi1:15738930-15766735
V8NJI6,Toll-like receptor 2,Ophiophagus hannah (King cobra) (Naja hannah),Scate13151,-0.55,Scate-mi1:19331325-19345572
H9GC87,Thioredoxin domain containing 16,Anolis carolinensis (Green anole) (American chameleon),Scate13209,-0.666666667,Scate-mi1:22031700-22044760
V8P6A3,Coiled-coil domain-containing protein 71,Ophiophagus hannah (King cobra) (Naja hannah),Scate13275,-0.75,Scate-mi2:436501-448631
V8NSC8,Neuropilin-1,Ophiophagus hannah (King cobra) (Naja hannah),Scate13288,-0.583333333,Scate-mi2:604635-607737
G1KGT6,Olfactory receptor,Anolis carolinensis (Green anole) (American chameleon),Scate13305,-0.666666667,Scate-mi2:1621326-1627258
G1KF53,Peroxidase,Anolis carolinensis (Green anole) (American chameleon),Scate13321,-0.8,Scate-mi2:2276988-2280749
H9GCK2,Matrix metallopeptidase 17,Anolis carolinensis (Green anole) (American chameleon),Scate13344,-1,Scate-mi2:2809003-2810436
A0A0F7ZBE1,REST corepressor 3-like protein,Crotalus adamanteus (Eastern diamondback rattlesnake),Scate13359,-0.666666667,Scate-mi2:4039291-4043719
H9G8P7,Alpha-2,siat8g-r1,Scate13366,-0.8,Scate-mi2:4563233-4570130
J3SCI8,Protein kinase C (EC 2.7.11.13),Crotalus adamanteus (Eastern diamondback rattlesnake),Scate13417,-0.857142857,Scate-mi2:9858239-9868370
V8N534,C-type lectin domain family 4 member F,Ophiophagus hannah (King cobra) (Naja hannah),Scate13511,-0.625,Scate-mi2:16034063-16041066
V8N534,C-type lectin domain family 4 member F,Ophiophagus hannah (King cobra) (Naja hannah),Scate13514,-0.615384615,Scate-mi2:16151403-16168983
G1KS21,Dynein light chain 1,,Scate13551,-0.857142857,Scate-mi2:17891454-17906604
T1E665,Histone acetyltransferase (EC 2.3.1.48),Crotalus horridus (Timber rattlesnake),Scate13586,-0.666666667,Scate-mi2:19700481-19707435
V8NBE1,AP-5 complex subunit beta-1 (Adaptor-related protein complex 5 beta subunit),Ophiophagus hannah (King cobra) (Naja hannah),Scate13585,-0.631578947,Scate-mi2:19651728-19664186
H9G5S2,Tetraspanin,Anolis carolinensis (Green anole) (American chameleon),Scate13664,-0.571428571,Scate-mi3:110704-112764
V8NQA9,Aromatic-L-amino-acid decarboxylase,Ophiophagus hannah (King cobra) (Naja hannah),Scate13748,-0.8,Scate-mi3:1969624-1976439
V8NPY7,DNA-binding protein Ikaros,Ophiophagus hannah (King cobra) (Naja hannah),Scate13749,-0.571428571,Scate-mi3:1977600-1988211
V8P4Q9,G-protein coupled receptor 54,Ophiophagus hannah (King cobra) (Naja hannah),Scate13776,-0.625,Scate-mi3:3652101-3693429
H9GES8,HtrA serine peptidase 4,Anolis carolinensis (Green anole) (American chameleon),Scate13834,-0.571428571,Scate-mi3:7993946-7997272
G1KE80,Solute carrier family 17 member 9,Anolis carolinensis (Green anole) (American chameleon),Scate13874,-0.571428571,Scate-mi3:9103615-9114060
V8NUE9,DUF4587 domain-containing protein,Ophiophagus hannah (King cobra) (Naja hannah),Scate13936,-0.714285714,Scate-mi3:14449249-14451324
V8NGI2,Iporin,Ophiophagus hannah (King cobra) (Naja hannah),Scate13970,-0.666666667,Scate-mi3:18931483-18943906
H9GDS6,Receptor protein-tyrosine kinase (EC 2.7.10.1),Anolis carolinensis (Green anole) (American chameleon),Scate14058,-0.75,Scate-mi4:1906028-1912862
G1KHF9,ATP binding cassette subfamily D member 2,Anolis carolinensis (Green anole) (American chameleon),Scate14061,-0.571428571,Scate-mi4:1978099-1998974
T1DLT2,Phosphoribosylformylglycinamidine synthase (EC 6.3.5.3) (Formylglycinamide ribonucleotide amidotransferase) (Formylglycinamide ribotide amidotransferase),Crotalus horridus (Timber rattlesnake),Scate14078,-0.571428571,Scate-mi4:2185859-2192158
V8NAI9,Zinc finger BED domain-containing protein 6,Ophiophagus hannah (King cobra) (Naja hannah),Scate14086,-0.666666667,Scate-mi4:2317062-2333328
H9G4I1,Condensin-2 complex subunit D3,Anolis carolinensis (Green anole) (American chameleon),Scate14188,-0.8,Scate-mi4:7935857-7938161
H9G3I5,Protein FAM189A1,Anolis carolinensis (Green anole) (American chameleon),Scate14341,-0.75,Scate-mi4:17093530-17097070
G1KDJ4,GATA binding protein 5,Anolis carolinensis (Green anole) (American chameleon),Scate14355,-0.736842105,Scate-mi4:17221384-17247391
R4GBB2,Cytochrome P450 2J6-like,Anolis carolinensis (Green anole) (American chameleon),Scate14339,-0.833333333,Scate-mi4:17082130-17085413
J3RZ77,Endoglin,Crotalus adamanteus (Eastern diamondback rattlesnake),Scate14482,-0.642857143,Scate-mi5:3864637-3877613
V8NM40,TM100 protein,Ophiophagus hannah (King cobra) (Naja hannah),Scate14517,-0.75,Scate-mi5:6199345-6202526
H9GN92,F-box and WD repeat domain containing 8,Anolis carolinensis (Green anole) (American chameleon),Scate14528,-0.545454545,Scate-mi5:6759931-6772527
G1KL77,Ribosomal RNA processing 9,RRP9,Scate14632,-0.625,Scate-mi5:11228364-11236877
G1KLC9,Poly [ADP-ribose] polymerase (PARP) (EC 2.4.2.-),Anolis carolinensis (Green anole) (American chameleon),Scate14631,-0.555555556,Scate-mi5:11205770-11219332
T1DMH8,Membrane-spanning 4-domains subfamily A member 12-like protein,Crotalus horridus (Timber rattlesnake),Scate14733,-0.714285714,Scate-mi5:15810474-15830897
H9G8V9,G_PROTEIN_RECEP_F1_2 domain-containing protein,Anolis carolinensis (Green anole) (American chameleon),Scate14879,-0.571428571,Scate-mi6:2352692-2367159
G1KKT2,Cyclin dependent kinase 19,Anolis carolinensis (Green anole) (American chameleon),Scate14873,-0.666666667,Scate-mi6:2157795-2165121
T1E5E5,Junction plakoglobin,Crotalus horridus (Timber rattlesnake),Scate14886,-0.833333333,Scate-mi6:2515340-2518268
V8NJD4,Dynamin-1,Ophiophagus hannah (King cobra) (Naja hannah),Scate14952,-0.588235294,Scate-mi6:4679300-4687415
J3SFI9,Tubby-like protein,Crotalus adamanteus (Eastern diamondback rattlesnake),Scate14994,-0.555555556,Scate-mi6:5444524-5448569
J3RYD6,Alpha-crystallin B chain-like (Alpha-crystallin B chain-like protein),Crotalus adamanteus (Eastern diamondback rattlesnake),Scate15061,-0.571428571,Scate-mi6:8162894-8181702
V8P181,Transcription factor MafB,Ophiophagus hannah (King cobra) (Naja hannah),Scate15077,-0.545454545,Scate-mi6:8893856-8898952
V8N730,ADAMTS-like protein 5,Ophiophagus hannah (King cobra) (Naja hannah),Scate15086,-0.560606061,Scate-mi6:9107320-9119086
V8PBZ2,E3 ubiquitin-protein ligase E3D (EC 2.3.2.26) (HECT-type E3 ubiquitin transferase E3D) (UbcH10-binding protein with a HECT-like domain) (Ubiquitin-conjugating enzyme E2C-binding protein),Ophiophagus hannah (King cobra) (Naja hannah),Scate15132,-0.571428571,Scate-mi6:13717260-13721032
V8NQN6,CUGBP Elav-like family member 2,Ophiophagus hannah (King cobra) (Naja hannah),Scate15139,-0.785714286,Scate-mi6:13840158-13857181
H9G6U9,Roc domain-containing protein,Anolis carolinensis (Green anole) (American chameleon),Scate15154,-0.636363636,Scate-mi6:15051557-15055505
V8NSS3,Homeobox protein GBX-2,Ophiophagus hannah (King cobra) (Naja hannah),Scate15254,-0.666666667,Scate-mi7:2045733-2048625
V8P4U3,Synaptotagmin-15,Ophiophagus hannah (King cobra) (Naja hannah),Scate15281,-0.8,Scate-mi7:3748292-3761278
V8NC94,C2H2-type domain-containing protein,Ophiophagus hannah (King cobra) (Naja hannah),Scate15307,-0.545454545,Scate-mi7:5673865-5691532
V8N7I8,Ig-like domain-containing protein,Ophiophagus hannah (King cobra) (Naja hannah),Scate15385,-0.583333333,Scate-mi7:8370082-8370822
V8NJK5,Ig-like domain-containing protein,Ophiophagus hannah (King cobra) (Naja hannah),Scate15449,-0.545454545,Scate-mi7:9621125-9629298
V8NUU6,Mediator of RNA polymerase II transcription subunit 31,Ophiophagus hannah (King cobra) (Naja hannah),Scate15478,-0.666666667,Scate-mi7:9999983-10001577
G1KMR3,Serine/threonine-protein phosphatase (EC 3.1.3.16),Anolis carolinensis (Green anole) (American chameleon),Scate15539,-0.583333333,Scate-mi7:10906301-10917634
H9G6X6,Synaptotagmin 11,Anolis carolinensis (Green anole) (American chameleon),Scate15575,-0.55,Scate-mi7:11392653-11403106
H9GMP6,Nitric oxide synthase (EC 1.14.13.39),Anolis carolinensis (Green anole) (American chameleon),Scate15583,-0.625,Scate-mi7:11647515-11657695
R4GBB7,Transmembrane protein 182,Anolis carolinensis (Green anole) (American chameleon),Scate15623,-0.75,Scate-mi8:1167618-1171962
G1KFB5,ZW10 interactor,Anolis carolinensis (Green anole) (American chameleon),Scate15670,-0.692307692,Scate-mi8:2564080-2578669
H9GN15,Transformation/transcription domain associated protein,Anolis carolinensis (Green anole) (American chameleon),Scate15715,-0.571428571,Scate-mi8:3716671-3719201
A0A0F7Z170,Ribosome biogenesis protein WDR12 (WD repeat-containing protein 12),Crotalus adamanteus (Eastern diamondback rattlesnake),Scate15731,-0.555555556,Scate-mi8:4040369-4055368
V8P2C7,Gap junction delta-3 protein,Ophiophagus hannah (King cobra) (Naja hannah),Scate15768,-0.833333333,Scate-mi8:4628335-4633632
J3S8N3,ER lumen protein-retaining receptor,Crotalus adamanteus (Eastern diamondback rattlesnake),Scate15799,-0.625,Scate-mi8:5519768-5524291
V8PFV2,Phosphatase and actin regulator,Ophiophagus hannah (King cobra) (Naja hannah),Scate15839,-0.571428571,Scate-mi8:6066153-6066944
H9G4U8,Carboxypeptidase A1,Anolis carolinensis (Green anole) (American chameleon),Scate15844,-0.555555556,Scate-mi8:6099994-6100665
T1DN69,Elongation factor 2,Crotalus horridus (Timber rattlesnake),Scate16008,-0.625,Scate-mi8:8467697-8472874
G1KGT9,Olfactory receptor,Anolis carolinensis (Green anole) (American chameleon),Scate16100,-0.6,Scate-mi9:482836-489577
J3SF24,26S protease regulatory subunit 8-like (26S protease regulatory subunit 8-like protein),Crotalus adamanteus (Eastern diamondback rattlesnake),Scate16111,-0.555555556,Scate-mi9:646313-652229
G1KSZ3,Solute carrier family 13 member 3,Anolis carolinensis (Green anole) (American chameleon),Scate16189,-0.714285714,Scate-mi9:2779859-2808141
G1KJL5,LRR binding FLII interacting protein 2,Anolis carolinensis (Green anole) (American chameleon),Scate16287,-0.555555556,Scate-mi9:5709007-5724186
V8NDC3,Alba-like protein C9orf23,Ophiophagus hannah (King cobra) (Naja hannah),Scate16323,-0.666666667,Scate-mi9:6410985-6412112
H9GB08,Galactose-1-phosphate uridylyltransferase (EC 2.7.7.12),Anolis carolinensis (Green anole) (American chameleon),Scate16360,-0.666666667,Scate-mi9:7805023-7814619
V8NDD0,B-cell lymphoma 3 protein,Ophiophagus hannah (King cobra) (Naja hannah),Scate16363,-0.588235294,Scate-mi9:8189019-8211598
H9GLG0,Gamma-synuclein,Anolis carolinensis (Green anole) (American chameleon),Scate16982,-0.8,Scate-un273:28759-34785
H9GGU5,FAU ubiquitin like and ribosomal protein S30 fusion,Anolis carolinensis (Green anole) (American chameleon),Scate16700,-0.630769231,Scate-un2:613054-621912
J3RZ57,Elongation factor 1-gamma (Eukaryotic translation elongation factor 1 gamma),Crotalus adamanteus (Eastern diamondback rattlesnake),Scate16697,-0.661971831,Scate-un2:567808-576832
H9GPW6,Pappalysin 1,Anolis carolinensis (Green anole) (American chameleon),Scate16875,-1,Scate-un71:166540-172459
J3S492,Dihydropteridine reductase (Dihydropteridine reductase-like protein),Crotalus adamanteus (Eastern diamondback rattlesnake),Scate07834,-0.692307692,Scate-Z:556002-565186
V8NYS7,GTPase KRas,Ophiophagus hannah (King cobra) (Naja hannah),Scate07876,-0.583333333,Scate-Z:1811561-1837022
H9G654,FEZ family zinc finger 2,Anolis carolinensis (Green anole) (American chameleon),Scate07892,-0.666666667,Scate-Z:2327792-2332200
H9GMX3,SCRT2 protein,Anolis carolinensis (Green anole) (American chameleon),Scate07905,-0.571428571,Scate-Z:2876902-2878410
V8NSY5,Phosphatidate phosphatase (EC 3.1.3.4),Ophiophagus hannah (King cobra) (Naja hannah),Scate08021,-0.75,Scate-Z:6240038-6241930
V8P775,Leucine-rich repeat-containing G-protein coupled receptor 6,Ophiophagus hannah (King cobra) (Naja hannah),Scate08062,-0.52173913,Scate-Z:7397980-7400281
V8NN50,Structural maintenance of chromosomes protein 1B,Ophiophagus hannah (King cobra) (Naja hannah),Scate08069,-0.75,Scate-Z:7469610-7477819
V8PGD3,MAM domain containing glycosylphosphatidylinositol anchor 2,Ophiophagus hannah (King cobra) (Naja hannah),Scate08189,-0.545454545,Scate-Z:9286383-9296275
V8P2B8,Mannosyltransferase (EC 2.4.1.-),Ophiophagus hannah (King cobra) (Naja hannah),Scate08243,-0.541666667,Scate-Z:10754231-10768158
G1KGM9,NIMA related kinase 4,Anolis carolinensis (Green anole) (American chameleon),Scate08287,-0.666666667,Scate-Z:12431196-12441858
V8NSX2,Centriolar coiled-coil protein,Ophiophagus hannah (King cobra) (Naja hannah),Scate08382,-0.571428571,Scate-Z:15490952-15513495
V8PAU6,ETS domain-containing protein Elk-4,Ophiophagus hannah (King cobra) (Naja hannah),Scate08427,-0.8,Scate-Z:17041680-17069392
V8PCB4,U11/U12 small nuclear ribonucleoprotein 48 kDa protein,Ophiophagus hannah (King cobra) (Naja hannah),Scate08452,-0.555555556,Scate-Z:18046635-18053396
H9GNJ2,Peptidase S1 domain-containing protein,Anolis carolinensis (Green anole) (American chameleon),Scate08488,-0.733333333,Scate-Z:19549972-19550425
J3SCC8,Beta-1,4-GalTase) (EC 2.4.1.-),Scate08495,-0.565217391,Scate-Z:19910486-19911436
V8P578,XK-related protein,Ophiophagus hannah (King cobra) (Naja hannah),Scate08506,-0.523809524,Scate-Z:20285931-20287511
A0A0F7ZA80,Acid sphingomyelinase-like phosphodiesterase,Crotalus adamanteus (Eastern diamondback rattlesnake),Scate08507,-0.75,Scate-Z:20293250-20304826
H9G9R1,RGS domain-containing protein,Anolis carolinensis (Green anole) (American chameleon),Scate08516,-0.6,Scate-Z:20595195-20597583
V8P8I9,Protein SMG7,Ophiophagus hannah (King cobra) (Naja hannah),Scate08525,-0.533333333,Scate-Z:20935511-20946694
A0A0F7Z548,Origin recognition complex subunit 4,Crotalus adamanteus (Eastern diamondback rattlesnake),Scate08579,-0.555555556,Scate-Z:24224262-24255917
G1KH55,Renin,Anolis carolinensis (Green anole) (American chameleon),Scate08583,-0.666666667,Scate-Z:24392614-24413633
V8PB48,R3H domain-containing protein 2,Ophiophagus hannah (King cobra) (Naja hannah),Scate08640,-0.666666667,Scate-Z:30046482-30062978
G1KTA1,Ankyrin repeat domain 33,Anolis carolinensis (Green anole) (American chameleon),Scate08714,-0.75,Scate-Z:34668730-34671628
H9G3C4,Ankyrin repeat domain 9,Anolis carolinensis (Green anole) (American chameleon),Scate08743,-0.625,Scate-Z:37392418-37401295
V8N860,Leucine-rich repeat transmembrane neuronal protein 4,Ophiophagus hannah (King cobra) (Naja hannah),Scate08799,-0.666666667,Scate-Z:41556387-41570031
V8NME3,Glycosyltransferase-like domain-containing protein 1,Ophiophagus hannah (King cobra) (Naja hannah),Scate08963,-0.692307692,Scate-Z:52703830-52729229
H9GH42,Paired box 2,Anolis carolinensis (Green anole) (American chameleon),Scate08969,-0.8,Scate-Z:53163112-53177313
G1KXP0,SH3 domain-binding protein 5-like,Anolis carolinensis (Green anole) (American chameleon),Scate09119,-0.563492063,Scate-Z:82654973-82695110
A0A0F7Z5P0,Sorting nexin-17,Crotalus adamanteus (Eastern diamondback rattlesnake),Scate09357,-0.636363636,Scate-Z:114260571-114297300
A0A0K8RU19,Protein Mpv17,Crotalus horridus (Timber rattlesnake),Scate09364,-0.571428571,Scate-Z:114591585-114604814
G1KGP7,Transmembrane 4 L six family member 4,Anolis carolinensis (Green anole) (American chameleon),Scate09408,-0.535714286,Scate-Z:124866246-124868630